source,category,sub_category,product_name,product_link,price,brand,item_weight,unit_count,number_of_items,package_weight,rating,rating_count
noon,Grocery,Herbs&Spices,Whole Beans Cardamom 40grams,https://www.noon.com/egypt-en/whole-beans-cardamom-40grams/N27719581A/p/,100.00,AL DOHA,40 grams,,,,4.7,25
noon,Grocery,Herbs&Spices,Chios Mistaka 10g,https://www.noon.com/egypt-en/chios-mistaka-10g/Z7DA153ADB9428C51A226Z/p/,100.00,Chios Mastic,10g,,,,4.2,17
noon,Grocery,Herbs&Spices,Tandoori Chicken Seasoning,https://www.noon.com/egypt-en/tandoori-chicken-seasoning/Z7B0867417E671E6E0E98Z/p/,100.00,Brava,35,,,,4.3,4
noon,Grocery,Herbs&Spices,Cloves Shaker 30grams,https://www.noon.com/egypt-en/cloves-shaker-30grams/N52511266A/p/,100.00,Dayma,30 grams,,,,5,7
noon,Grocery,Herbs&Spices,"Seven Spice Chicken Stock Cubes, 48 ​​Cubes - Esnad",https://www.noon.com/egypt-en/seven-spice-chicken-stock-cubes-48-cubes-esnad/Z632A49941407AA6D5065Z/p/,100.00,Esnad,90g,48,48,,4.6,
noon,Grocery,Herbs&Spices,Roasted Chicken 50g – Pack of 6,https://www.noon.com/egypt-en/roasted-chicken-50g-pack-of-6/ZDFBF4774165181954394Z/p/,108.00,Weals Food,50,6,6,,3,
noon,Grocery,Herbs&Spices,"Savorya Fine Ground Cumin Powder – 200g | Natural Spice for Cooking, Seasoning & Middle Eastern Recipes",https://www.noon.com/egypt-en/savorya-fine-ground-cumin-powder-200g-natural-spice-for-cooking-seasoning-middle-eastern-recipes/Z2B3612B53284CA0D8E78Z/p/,100.00,Savorya,Fine Ground Cumin Powder – 200g grams,,,,3.9,18
noon,Grocery,Herbs&Spices,Himalaya Salt 1kg,https://www.noon.com/egypt-en/himalaya-salt-1kg/ZCB57001D5C1B02E76BEEZ/p/,100.00,Ragab El Attar,1kilo,,,,4.2,18
noon,Grocery,Herbs&Spices,Garlic powder 100 grams,https://www.noon.com/egypt-en/garlic-powder-100-grams/Z99CC28A1B99C7DF967A5Z/p/,45.00,Ragab El Attar,100 g,,,,4.6,18
noon,Grocery,Herbs&Spices,Flaxseed 150 gm,https://www.noon.com/egypt-en/flaxseed-150-gm/Z93F7696D90486779E980Z/p/,100.00,ZARY,150 grams,,,,4.3,17
noon,Grocery,Herbs&Spices,cloves 50 gm,https://www.noon.com/egypt-en/cloves-50-gm/Z8598F53A01D4F8AAE56AZ/p/,100.00,Saltana,50 g,,,,4.7,9
noon,Grocery,Herbs&Spices,All purpose Seasoning 250grams,https://www.noon.com/egypt-en/all-purpose-seasoning-250grams/N38731577A/p/,105.00,Vegeta,250 grams,,,,5,8
noon,Grocery,Herbs&Spices,Kabsa Spices 100 gm,https://www.noon.com/egypt-en/kabsa-spices-100-gm/Z1F96EEA2B50AF3EF2C1CZ/p/,135.00,ZARY,100 grams,,,,4.6,5
noon,Grocery,Herbs&Spices,Wafery Fenugreek 250 gm,https://www.noon.com/egypt-en/wafery-fenugreek-250-gm/Z60691D96BED1E36C1E9AZ/p/,108.00,ZARY,250 grams,,,,4.8,12
noon,Grocery,Herbs&Spices,Black seeds 200 grams,https://www.noon.com/egypt-en/black-seeds-200-grams/Z53583461920220A66060Z/p/,108.00,Ragab El Attar,200 g,,,,4.8,20
noon,Grocery,Herbs&Spices,Burger Mix Spices 30grams,https://www.noon.com/egypt-en/burger-mix-spices-30grams/N28968479A/p/,165.00,Maggi,30 grams,,,,4.7,59
noon,Grocery,Herbs&Spices,Ragab ELattar Mistaka 20g,https://www.noon.com/egypt-en/ragab-elattar-mistaka-20g/ZAB5B329985C8353B798CZ/p/,69.00,Chios Mastic,20g,,,,4.4,58
noon,Grocery,Herbs&Spices,FAYFA Ispaghula Seeds Psyllium Seeds 150g,https://www.noon.com/egypt-en/fayfa-ispaghula-seeds-psyllium-seeds-150g/Z7156CAAE0BD8BA7B3552Z/p/,108.00,FAYFA,150g,,,,5,1
noon,Grocery,Herbs&Spices,Maggi Vegetable Bouillon 72grams Pack of 8,https://www.noon.com/egypt-en/maggi-vegetable-bouillon-72grams-pack-of-8/N48449708A/p/,107.00,Maggi,72 grams,8,8,,4.3,39
noon,Grocery,Herbs&Spices,Seven Spices 35g,https://www.noon.com/egypt-en/seven-spices-35g/ZB17929BADF785FBE7DB1Z/p/,108.00,Abu Auf,35 grams,,,,4.4,35
noon,Grocery,Herbs&Spices,Pistachio Vanilla Matcha Masala 125g,https://www.noon.com/egypt-en/pistachio-vanilla-matcha-masala-125g/Z4FC0F8F09F96B59A1292Z/p/,107.00,Dr. Baby,125,,,,3.4,5
noon,Grocery,Herbs&Spices,Potato Spices 85g,https://www.noon.com/egypt-en/potato-spices-85g/Z3AEEF299158E3983E91EZ/p/,108.00,Saltana,85 grams,,,,4.3,36
noon,Grocery,Herbs&Spices,Wafery Flaxseed 250 gm,https://www.noon.com/egypt-en/wafery-flaxseed-250-gm/Z9BF556C5AC91E5DDA4F3Z/p/,53.00,ZARY,250 grams,,,,4.3,34
noon,Grocery,Herbs&Spices,Saffron Rice Spices 110g,https://www.noon.com/egypt-en/saffron-rice-spices-110g/ZBA20D6D8205C24A150A9Z/p/,108.00,Haj Arafa,110,,,,5,3
noon,Grocery,Herbs&Spices,Cheesy Bechamel 60g – Pack of 6,https://www.noon.com/egypt-en/cheesy-bechamel-60g-pack-of-6/Z2D81103E4D479CF6B33BZ/p/,108.00,Weals Food,60,6,6,,5,
noon,Grocery,Herbs&Spices,Tea with Pineapple and Lemon Antioxidant for Weight Loss and Fat Burning - 20 Bags,https://www.noon.com/egypt-en/tea-with-pineapple-and-lemon-antioxidant-for-weight-loss-and-fat-burning-20-bags/Z0E3D1646AEEAFFD3C2D9Z/p/,107.00,Matcha Premium Japanese,500g,20,20,,4.6,10
noon,Grocery,Herbs&Spices,Savurya Black Seed (Nigella Sativa) – Premium Quality Herbal Seeds – 150g Jar for Natural Wellness & Immune Support,https://www.noon.com/egypt-en/savurya-black-seed-nigella-sativa-premium-quality-herbal-seeds-150g-jar-for-natural-wellness-immune-support/ZC70E1360362E684F59B6Z/p/,69.00,Savorya,Black Seed 150g Jar grams,,,,3.9,18
noon,Grocery,Herbs&Spices,Natural Licorice Root Herb – 280g | Naturally Sweet Flavor & Multi-Use,https://www.noon.com/egypt-en/natural-licorice-root-herb-280g-naturally-sweet-flavor-multi-use/Z01177C146F7A145546FEZ/p/,108.00,Spicekick,280g,,,,4.3,
noon,Grocery,Herbs&Spices,Smoked Paprika 35g,https://www.noon.com/egypt-en/smoked-paprika-35g/ZBDCD796FA70DA2A91C97Z/p/,45.00,Abu Auf,35 grams,,,,4.5,34
noon,Grocery,Herbs&Spices,"Savoria Organic and Pure Cinnamon Sticks for Cooking, Baking, Drinks and Flavorings, 90g",https://www.noon.com/egypt-en/savoria-organic-and-pure-cinnamon-sticks-for-cooking-baking-drinks-and-flavorings-90g/Z30E12F8B1CCF103374F8Z/p/,45.00,Savorya,Cinnamon Sticks for Cooking 90g grams,,,,3.9,18
noon,Grocery,Herbs&Spices,Fine black pepper 85 gm,https://www.noon.com/egypt-en/fine-black-pepper-85-gm/Z2B1C1272EF68C3965428Z/p/,45.00,Ragab El Attar,85 g,,,,4.6,20
noon,Grocery,Herbs&Spices,Sesame 100 gm,https://www.noon.com/egypt-en/sesame-100-gm/Z62C2D5CB4CF633C90EB7Z/p/,53.00,ZARY,100 grams,,,,4.4,28
noon,Grocery,Herbs&Spices,Seven Spices 70grams,https://www.noon.com/egypt-en/seven-spices-70grams/N28849773A/p/,108.00,Abu Auf,70 grams,,,,4.6,54
noon,Grocery,Herbs&Spices,Star Anise 70gm,https://www.noon.com/egypt-en/star-anise-70gm/ZFCFE930DE6EB426B16ECZ/p/,108.00,Imtenan,70 grams,,,,4.1,12
noon,Grocery,Herbs&Spices,Savorya 7 Spices - 100% Natural Middle Eastern Spice Blend for Cooking & Grilling - 200g Jar,https://www.noon.com/egypt-en/savorya-7-spices-100-natural-middle-eastern-spice-blend-for-cooking-grilling-200g-jar/Z0C8F1226F0D4C14E33BBZ/p/,108.00,Savorya,7 Spices 200g Jar kg,,,,3.9,18
noon,Grocery,Herbs&Spices,Pure Moringa Powder - 50 gm,https://www.noon.com/egypt-en/pure-moringa-powder-50-gm/ZDB6A6036D80817C83417Z/p/,108.00,Dhyaan House,50 g,,,,4,70
noon,Grocery,Herbs&Spices,"Qassim Saffron Mixture for Arabic Coffee, 125g",https://www.noon.com/egypt-en/qassim-saffron-mixture-for-arabic-coffee-125g/ZBFFF1C66A4D65C9BB2ACZ/p/,108.00,AL QASSIM,125 جرام من الخلطة grams,,,,4.2,6
noon,Grocery,Herbs&Spices,سمسم محمص طبيعي من سافوريا - 150 جرام - حبوب كاملة عالية الجودة ومقرمشة,https://www.noon.com/egypt-en/150/ZA99EBBF765C82AF4C967Z/p/,53.00,سافوريا,Roasted Sesame Seeds - 150g كيلوجرام,,,,3.9,18
noon,Grocery,Herbs&Spices,Curry Powder 75grams,https://www.noon.com/egypt-en/curry-powder-75grams/N45183943A/p/,36.00,Abu Auf,75 grams,,,,4.6,21
noon,Grocery,Herbs&Spices,Chicken broth 85 grams,https://www.noon.com/egypt-en/chicken-broth-85-grams/ZE22F82341107E0C52596Z/p/,108.00,Spicekick,85 g,,,,4,1
noon,Grocery,Herbs&Spices,Mix Grill 50g – Pack of 6,https://www.noon.com/egypt-en/mix-grill-50g-pack-of-6/Z533DD50F9C3CA19ED5E8Z/p/,108.00,Weals Food,50,6,6,,3,
noon,Grocery,Herbs&Spices,Oriental Gum 80 Gm,https://www.noon.com/egypt-en/oriental-gum-80-gm/Z250BFE88C6B2553AC05EZ/p/,53.00,Abu Auf,80 G,,,,5,9
noon,Grocery,Herbs&Spices,"Savorya Natural Whole Cumin Seeds - Pure & Aromatic Spices - Premium Quality Airtight Jar (Specify Weight, e.g., 200g)",https://www.noon.com/egypt-en/savorya-natural-whole-cumin-seeds-pure-aromatic-spices-premium-quality-airtight-jar-specify-weight-e-g-200g/Z2F92DB3D4FD3A493C13CZ/p/,69.00,Savorya,Whole Cumin Seeds - Pure & Aromatic Spices 200g kg,,,,3.9,18
noon,Grocery,Herbs&Spices,Coriander Powder 20grams,https://www.noon.com/egypt-en/coriander-powder-20grams/N30522040A/p/,108.00,Rehana,20 grams,,,,4.7,21
noon,Grocery,Herbs&Spices,Shawarma Mix - 30g,https://www.noon.com/egypt-en/shawarma-mix-30g/Z26F2A2D02EFBCD675BCDZ/p/,45.00,Maggi,30 grams,1,1,,4.6,64
noon,Grocery,Herbs&Spices,Bread Crumbs 300grams,https://www.noon.com/egypt-en/bread-crumbs-300grams/N29761994A/p/,53.00,AL DOHA,300 grams,,,,4.7,91
noon,Grocery,Herbs&Spices,Hawawshi Mix Spices 35grams,https://www.noon.com/egypt-en/hawawshi-mix-spices-35grams/N28968480A/p/,165.00,Maggi,35 grams,,,,4.8,63
noon,Grocery,Herbs&Spices,Wafery Sesame 250 gm,https://www.noon.com/egypt-en/wafery-sesame-250-gm/Z5A7B99375DADF0FFA8EEZ/p/,108.00,ZARY,250 grams,,,,4.2,32
noon,Grocery,Herbs&Spices,Savorya Natural Whole Black Pepper Corns - 100% Pure & Aromatic Spices - 200g Jar,https://www.noon.com/egypt-en/savorya-natural-whole-black-pepper-corns-100-pure-aromatic-spices-200g-jar/Z5A59AB4292E7E77AD06CZ/p/,108.00,Savorya,200g,,,,5,2
noon,Grocery,Herbs&Spices,Kofta Mix 35grams,https://www.noon.com/egypt-en/kofta-mix-35grams/N48059454A/p/,108.00,Maggi,35 grams,,,,4.8,75
noon,Grocery,Herbs&Spices,AL ALALI Chicken Cubes – 24 Count | Rich & Flavorful Chicken Stock Cubes for Cooking,https://www.noon.com/egypt-en/al-alali-chicken-cubes-24-count-rich-flavorful-chicken-stock-cubes-for-cooking/Z364CE2E6E46F2B0BA10BZ/p/,826.00,Al Alali,,24,24,,4.6,
noon,Grocery,Herbs&Spices,فولفيك أسيد الهيمالايا هو نفسه شيلاجيت الهيمالايا الغني بالمعادن - تركيز 2% - أكثر من 84 معدنًا,https://www.noon.com/egypt-en/2-84/Z22704B66AA8AA9F902F1Z/p/,53.00,generic,50 g,,,,5,1
noon,Grocery,Herbs&Spices,Chicken Lebanese Mashawy 30grams,https://www.noon.com/egypt-en/chicken-lebanese-mashawy-30grams/N49773872A/p/,108.00,Maggi,30 grams,,,,4.6,68
noon,Grocery,Herbs&Spices,Fine Himalayan Salt 650 grams,https://www.noon.com/egypt-en/fine-himalayan-salt-650-grams/Z56135E3EBBA7F3F5467FZ/p/,108.00,Imtenan,650 grams,,,,4.8,37
noon,Grocery,Herbs&Spices,Fries Seasoning 25 grams,https://www.noon.com/egypt-en/fries-seasoning-25-grams/Z4DB1BB4FB88A019A9DE2Z/p/,69.00,AL DOHA,25 grams,,,,4.1,32
noon,Grocery,Herbs&Spices,Bechamel Mix Spices 70grams,https://www.noon.com/egypt-en/bechamel-mix-spices-70grams/N28968477A/p/,45.00,Maggi,70 grams,,,,4.5,65
noon,Grocery,Herbs&Spices,"Greek mastic, Chios Island, 10 grams",https://www.noon.com/egypt-en/greek-mastic-chios-island-10-grams/ZB0E90A02EB45652650C1Z/p/,107.00,eama,10 g,,,,3,
