source,category,sub_category,product_name,product_link,price,brand,item_weight,unit_count,number_of_items,package_weight,rating,rating_count
noon,Grocery,Salt,Sukker Stevia 48 Sachets- 2 Spoonful-Diet Sugar Sweetener 2grams,https://www.noon.com/egypt-en/sukker-stevia-48-sachets-2-spoonful-diet-sugar-sweetener-2grams/N52405010A/p/,269.00,Mozn,2 grams,48,48,,4.4,114
noon,Grocery,Salt,"Splendays Minis Dissolvable Tablets, 300 -Count",https://www.noon.com/egypt-en/splendays-minis-dissolvable-tablets-300-count/ZC2EE90697236AAB76380Z/p/,269.00,Splendays,15ml,12,12,,5,4
noon,Grocery,Salt,Mivolis Sweetener Tablets 1200 Sticks 72grams,https://www.noon.com/egypt-en/mivolis-sweetener-tablets-1200-sticks-72grams/Z3BCE0394B65D16F58147Z/p/,269.00,mivolis,72g,8,8,,4.7,64
noon,Grocery,Salt,Stevia sugar 80g (herb),https://www.noon.com/egypt-en/stevia-sugar-80g-herb/ZE3782DF275712F09C3E0Z/p/,269.00,Shana,80g,96,96,,3,4
noon,Grocery,Salt,Sweetal diet sugar sweetal 75 Sachet 1 gram,https://www.noon.com/egypt-en/sweetal-diet-sugar-sweetal-75-sachet-1-gram/Z2C5F118A0810E99D6A4AZ/p/,269.00,Sweetal,1 g,75,75,,4.1,14
noon,Grocery,Salt,Sweetener Tablets 1200 Sticks 72grams,https://www.noon.com/egypt-en/sweetener-tablets-1200-sticks-72grams/N52343966A/p/,269.00,mivolis,72 grams,1200,1200,,4.5,1076
noon,Grocery,Salt,White Sugar 1 Kg,https://www.noon.com/egypt-en/white-sugar-1-kg/ZB81602F43DA6EB6F2DAFZ/p/,269.00,AlZaeem,1 kg,6,6,,4.8,69
noon,Grocery,Salt,Diet Sugar Sweetener 1200 Sticks 72grams,https://www.noon.com/egypt-en/diet-sugar-sweetener-1200-sticks-72grams/N51084544A/p/,269.00,mivolis,72 grams,1200,1200,,4.6,203
noon,Grocery,Salt,sweetal diet sugar sweetal 300 tab,https://www.noon.com/egypt-en/sweetal-diet-sugar-sweetal-300-tab/ZE811A1383CAE90F86285Z/p/,269.00,Sweetal,15ml,12,12,,4.2,28
noon,Grocery,Salt,Fine Himalayan Salt 650 grams,https://www.noon.com/egypt-en/fine-himalayan-salt-650-grams/Z56135E3EBBA7F3F5467FZ/p/,100.00,Imtenan,650 grams,,,,4.8,37
noon,Grocery,Salt,Sukker Stevia Powder -Diet Sugar Sweetener 200grams,https://www.noon.com/egypt-en/sukker-stevia-powder-diet-sugar-sweetener-200grams/N52405012A/p/,144.00,Mozn,200 grams,20,20,,4.2,110
noon,Grocery,Salt,Mexicana Brown Sugar -500 Gm,https://www.noon.com/egypt-en/mexicana-brown-sugar-500-gm/Z70FF63C37CC33B14CB38Z/p/,269.00,Mr. Food,500 grams,6,6,,4.1,22
noon,Grocery,Salt,Premium Natural White Sugar 1kg,https://www.noon.com/egypt-en/premium-natural-white-sugar-1kg/N27665624A/p/,269.00,Zamzam,1 kg,6,6,,4.5,147
noon,Grocery,Salt,sweetal diet sugar sweetal jar 250 grams,https://www.noon.com/egypt-en/sweetal-diet-sugar-sweetal-jar-250-grams/Z0105B3A9415D9E9C4F2AZ/p/,269.00,Sweetal,250 g,50,50,,4.4,91
noon,Grocery,Salt,Classic MonkFruit and Erythritol Sweetener - 40 Sachet,https://www.noon.com/egypt-en/classic-monkfruit-and-erythritol-sweetener-40-sachet/Z4D36AEC4ADAA2B554C69Z/p/,269.00,LAKANTO,40 Sachets,40,40,,3.9,36
noon,Grocery,Salt,White Sugar 1kg,https://www.noon.com/egypt-en/white-sugar-1kg/N30522023A/p/,269.00,Rehana,1 kg,6,6,,4.6,314
noon,Grocery,Salt,Chinese Salt 250 gm,https://www.noon.com/egypt-en/chinese-salt-250-gm/Z255962E8EB2687BFD52DZ/p/,45.00,SECO SALT,250 g,,,,3.3,6
noon,Grocery,Salt,Himalaya Salt 1kg,https://www.noon.com/egypt-en/himalaya-salt-1kg/ZCB57001D5C1B02E76BEEZ/p/,100.00,Ragab El Attar,1kilo,,,,4.2,18
noon,Grocery,Salt,Sukker Diet Powder - Diet Sugar Sweetener 200grams,https://www.noon.com/egypt-en/sukker-diet-powder-diet-sugar-sweetener-200grams/N52405008A/p/,269.00,Mozn,200 grams,8,8,,4.3,33
noon,Grocery,Salt,Stevia Diet Sugar Zero Calories 250g Jar,https://www.noon.com/egypt-en/stevia-diet-sugar-zero-calories-250g-jar/ZA6716CAF5EE56BA661A9Z/p/,269.00,Rich Diet,250g,,,,4.5,12
noon,Grocery,Salt,Sweet&Slim 100 Sachets STEVIA,https://www.noon.com/egypt-en/sweet-slim-100-sachets-stevia/ZAA66BA43F799D663518BZ/p/,269.00,stevia,100 grams,100,100,,4.1,18
noon,Grocery,Salt,Sweet & Slim - Stevia 250 Gm,https://www.noon.com/egypt-en/sweet-slim-stevia-250-gm/Z4A7CF51D66C36A1748A0Z/p/,269.00,Sweet & Slim,250 grams,25,25,,4.3,27
noon,Grocery,Salt,Classic MonkFruit and Erythritol Sweetener - 100 Sachet,https://www.noon.com/egypt-en/classic-monkfruit-and-erythritol-sweetener-100-sachet/Z1AB2A731BE1BE8135E98Z/p/,299,LAKANTO,300g,3,3,,3.9,36
noon,Grocery,Salt,Sukker Diet 48 sachets- 2 Spoonful -Diet Sugar Sweetener 1grams,https://www.noon.com/egypt-en/sukker-diet-48-sachets-2-spoonful-diet-sugar-sweetener-1grams/N52405006A/p/,269.00,Mozn,1 grams,48,48,,4.6,62
noon,Grocery,Salt,sweetal diet sugar sweetal 100 tab,https://www.noon.com/egypt-en/sweetal-diet-sugar-sweetal-100-tab/Z5FBE6F102B8273A5B0EFZ/p/,269.00,Sweetal,15ml,100,100,,4.4,8
noon,Grocery,Salt,Stevia Pure Time 220 Tablets,https://www.noon.com/egypt-en/stevia-pure-time-220-tablets/ZAA1E7E43D79E69719667Z/p/,162.00,Stevia Pure Time,5 l,1,1,,3.8,23
noon,Grocery,Salt,Sweetal Stevia Diet Sugar 100 Stick,https://www.noon.com/egypt-en/sweetal-stevia-diet-sugar-100-stick/ZA4589CA27908A2F24E65Z/p/,269.00,Sweetal,100 Gm grams,,,,4.1,18
noon,Grocery,Salt,Sweetal Stevia Diet Sugar 25 Stick,https://www.noon.com/egypt-en/sweetal-stevia-diet-sugar-25-stick/ZF47837E6C4FDADAAF66EZ/p/,269.00,Sweetal,15ml,25,25,,4.3,24
noon,Grocery,Salt,سكر دايت 1جرام 70كيس,https://www.noon.com/egypt-en/1-70/ZAB178D48BD827FFD7765Z/p/,269.00,ستيفيادايت,70 جرام,24,24,,3.7,55
noon,Grocery,Salt,Offer 2 Diet Sugar Sweetener Stevia 96 Sachets x 2Gram- 2 Spoonful,https://www.noon.com/egypt-en/offer-2-diet-sugar-sweetener-stevia-96-sachets-x-2gram-2-spoonful/Z7FCE3E7084799DE1A790Z/p/,269.00,Mozn,2G,2,2,,4.4,172
noon,Grocery,Salt,Sweet&Slim 400 Sachets,https://www.noon.com/egypt-en/sweet-slim-400-sachets/Z9D89CC6FF75761D223FEZ/p/,269.00,Sweet & Slim,15ml,400,400,,3.7,7
noon,Grocery,Salt,white sugar 5 kg,https://www.noon.com/egypt-en/white-sugar-5-kg/Z06FEBDFBAA247B65B355Z/p/,269.00,Saltana,5 kg,6,6,,4.6,19
noon,Grocery,Salt,Premium Powder Sugar 1kg,https://www.noon.com/egypt-en/premium-powder-sugar-1kg/N52406600A/p/,269.00,Haboba,1 kg,6,6,,3.9,114
noon,Grocery,Salt,Classic MonkFruit and Erythritol Sweetener - 454g,https://www.noon.com/egypt-en/classic-monkfruit-and-erythritol-sweetener-454g/Z146A781C31B8F0138151Z/p/,269.00,LAKANTO,454g,,,,4.3,56
noon,Grocery,Salt,Sukker Diet 30 Sachets- 2 Spoonful -Diet Sugar Sweetener 30grams,https://www.noon.com/egypt-en/sukker-diet-30-sachets-2-spoonful-diet-sugar-sweetener-30grams/N52405007A/p/,269.00,Mozn,30 grams,8,8,,4.5,18
noon,Grocery,Salt,sweetal diet sugar sweetal stevia jar 250 gram,https://www.noon.com/egypt-en/sweetal-diet-sugar-sweetal-stevia-jar-250-gram/Z96558C059D1FBC39AED7Z/p/,269.00,Sweetal,250 g,50,50,,4.4,170
noon,Grocery,Salt,Sokradorf Sugar Substitute Drops 15ml Zero Calorie Sweetener Liquid Sweet Drops for Tea Coffee Desserts Diet Keto Diabetic Friendly No Aspartame No Saccharin,https://www.noon.com/egypt-en/sokradorf-sugar-substitute-drops-15ml-zero-calorie-sweetener-liquid-sweet-drops-for-tea-coffee-desserts-diet-keto-diabetic-friendly-no-aspartame-no-saccharin/ZEA36EF2DFDEB28A6B14CZ/p/,300.00,sokradorf,15 ml,24,24,,4.1,21
noon,Grocery,Salt,sweetal diet sugar sweetal 100 stick 1 gram,https://www.noon.com/egypt-en/sweetal-diet-sugar-sweetal-100-stick-1-gram/ZA5C1509F7B86BDB48192Z/p/,269.00,Sweetal,1 g,8,8,,4.4,64
noon,Grocery,Salt,Brown Sugar 600grams,https://www.noon.com/egypt-en/brown-sugar-600grams/N43255574A/p/,269.00,DOBELLA,600 grams,6,6,,4.1,15
noon,Grocery,Salt,Rich white sugar cubes 1 kg,https://www.noon.com/egypt-en/rich-white-sugar-cubes-1-kg/Z3A7D7CA63C61EEC490DDZ/p/,269.00,Rich Diet,1 kg,12,12,,4.9,7
noon,Grocery,Salt,Sukker Stevia 30 Sachets- 2 Spoonful-Diet Sugar Sweetener 60grams,https://www.noon.com/egypt-en/sukker-stevia-30-sachets-2-spoonful-diet-sugar-sweetener-60grams/N52405011A/p/,269.00,Mozn,60 grams,30,30,,4.2,42
noon,Grocery,Salt,"Mozn Stevia Sugar, 2 spoons, 25% increase offer, 60 sachets instead of 48.",https://www.noon.com/egypt-en/mozn-stevia-sugar-2-spoons-25-increase-offer-60-sachets-instead-of-48/Z7331571B921D2045F3D2Z/p/,269.00,Mozn,15ml,12,12,,4.8,6
noon,Grocery,Salt,Stevia Diet Sugar Zero Calories 50 Sachets,https://www.noon.com/egypt-en/stevia-diet-sugar-zero-calories-50-sachets/Z6714486582E8828916E1Z/p/,269.00,Rich Diet,15ml,50,50,,4.7,7
noon,Grocery,Salt,Classic MonkFruit and Erythritol Sweetener - 235g,https://www.noon.com/egypt-en/classic-monkfruit-and-erythritol-sweetener-235g/Z2925573B59A62C2A7402Z/p/,269.00,LAKANTO,235g,,,,4.3,56
noon,Grocery,Salt,"Nocal drops 30 ml, half a spoonful",https://www.noon.com/egypt-en/nocal-drops-30-ml-half-a-spoonful/ZD181E210F0B6BF1C36F1Z/p/,269.00,Nocal,30 ml,96,96,,3.1,8
noon,Grocery,Salt,sweetal diet sugar sweetal 50 Sachet 2 grams,https://www.noon.com/egypt-en/sweetal-diet-sugar-sweetal-50-sachet-2-grams/Z5C57A0FE0FBEB7449ABAZ/p/,269.00,Sweetal,2 g,50,50,,4.6,55
noon,Grocery,Salt,400-Bags Calorie Free Sweetener 400grams,https://www.noon.com/egypt-en/400-bags-calorie-free-sweetener-400grams/N42247368A/p/,300.00,Sweet & Slim,400 grams,400,400,,4.7,98
noon,Grocery,Salt,sweetal diet sugar sweetal stevia 50 sachet,https://www.noon.com/egypt-en/sweetal-diet-sugar-sweetal-stevia-50-sachet/Z935951562AA4D30680C2Z/p/,269.00,Sweetal,50,50,50,,4.4,55
noon,Grocery,Salt,Steviadiet 300gm jar,https://www.noon.com/egypt-en/steviadiet-300gm-jar/Z4673F6CAC51B8E3BB05DZ/p/,269.00,Steviadiet,300 grams,1,1,,4.1,154
noon,Grocery,Salt,Rich Sugar Natural Fruit Fructose – Box of 100 Sachets,https://www.noon.com/egypt-en/rich-sugar-natural-fruit-fructose-box-of-100-sachets/Z4B1E4542CF0303306F06Z/p/,290,Rich Diet,72g,1200,1200,,5,3
